SERIAL_NUM,PASS_FAIL,PROCESS_DATE,SYSTEM_ID,STEP_NAME,CYCLE_TIME
154004859,P,201510050459,LIV 9,1625L0157,44
153907657,F,201510050500,LIV 6,1625L0149,209
153907650,F,201510050526,LIV 6,1625L0149,200
153907603,F,201510050538,LIV 7,1655L038,197
153902145,P,201510051400,LIV 6,1656L021,196
153908133,P,201510051400,LIV 8,1656L021,234
153708994,P,201510051400,LIV 3,T1611L0,192
153909420,P,201510051400,LIV 7,1655L051,209
153804911,P,201510051401,LIV 9,1626L3161,190
153806639,P,201510051402,LIV 6,1655L040,52
153907058,P,201510051403,LIV 2,T1610L0,340
153909232,P,201510051403,LIV 5,1656L0T,201
153912208,P,201510051403,LIV 9,1625L0151,44
153907239,P,201510051404,LIV 8,1656L021,184
153906650,P,201510051405,LIV 3,T1610L0,200
153911420,P,201510051405,LIV 7,1656L0T,204
153806639,P,201510051406,LIV 6,1655L040,204
153912208,P,201510051407,LIV 9,1625L0151,191
153909947,F,201510051407,LIV 7,T165X,30
153905843,P,201510051407,LIV 6,1655L3T,52
153907054,P,201510051408,LIV 2,T1610L0,219
153907233,P,201510051408,LIV 8,1656L021,182
153912207,P,201510051408,LIV 9,1625L0151,44
153909239,P,201510051409,LIV 5,1656L0T,223
153905843,P,201510051411,LIV 6,1655L3T,192
153912207,P,201510051412,LIV 9,1625L0151,197
153907234,F,201510051412,LIV 8,T165X,183
153909947,P,201510051413,LIV 7,1655L0T,254
153907063,P,201510051413,LIV 2,T1610L0,236
153909229,P,201510051413,LIV 5,1656L0T,217
153906623,P,201510051413,LIV 3,T1610L0,193
153905425,P,201510051415,LIV 6,1655L057,51
153904172,P,201510051417,LIV 9,1625L0149,193
153906388,F,201510051417,LIV 7,1655L050,195
153804140,P,201510051417,LIV 8,1626L4B41,183
153705616,P,201510051418,LIV 3,T1611L0,205
153904452,P,201510051418,LIV 9,1626L0159,44
153907061,F,201510051418,LIV 2,1610L0,274
153909241,P,201510051418,LIV 5,1656L0T,209
153905425,F,201510051418,LIV 6,1655L057,196
153807320,P,201510051420,LIV 6,1655L056,56
153906392,P,201510051421,LIV 7,1655L050,192
153907238,P,201510051421,LIV 8,1656L021,205
153906628,P,201510051422,LIV 3,T1610L0,197
153904452,P,201510051422,LIV 9,1626L0159,188
153909235,P,201510051423,LIV 5,1656L0T,220
153907088,P,201510050703,LIV 9,1656L021,43
153907543,P,201510050736,LIV 8,1655L038,193
153911506,P,201510050741,LIV 6,1655L043,44
153909396,P,201510050741,LIV 5,1655L051,228
154004947,P,201510050758,LIV 6,1625L0157,44
153905425,P,201510051424,LIV 9,1655L057,44
153907061,P,201510051424,LIV 3,T1610L0,97
153807320,P,201510051424,LIV 6,1655L056,203
153908099,P,201510051425,LIV 7,1626L4B58,195
153908163,P,201510051425,LIV 8,1656L021,182
153907057,P,201510051426,LIV 2,T1610L0,228
153907509,P,201510051426,LIV 6,1655L038,53
153909234,P,201510051427,LIV 5,1656L0T,199
153905425,P,201510051427,LIV 9,1655L057,195
153907061,P,201510051428,LIV 3,T1610L0,189
153904658,P,201510051429,LIV 9,1626L0159,45
153905729,P,201510051429,LIV 8,1656L056,193
153908082,P,201510051429,LIV 7,1626L4B58,192
153907509,P,201510051430,LIV 6,1655L038,189
153908165,F,201510051431,LIV 8,T165X,34
153905337,P,201510051432,LIV 6,1655L051,53
153909236,P,201510051432,LIV 5,1656L0T,234
153907053,P,201510051433,LIV 2,T1610L0,338
153906618,P,201510051433,LIV 3,T1610L0,208
153904658,P,201510051433,LIV 9,1626L0159,191
153911422,P,201510051434,LIV 7,1656L0T,204
153908165,P,201510051435,LIV 8,1656L021,183
153905337,P,201510051436,LIV 6,1655L051,204
153909230,P,201510051437,LIV 5,1656L0T,206
153906624,P,201510051437,LIV 3,T1610L0,189
153906709,P,201510051438,LIV 2,T1610L0,213
153909974,P,201510051438,LIV 6,1655L0T,53
153904344,P,201510051438,LIV 9,1626L0159,186
153909958,F,201510051438,LIV 7,1655L0T,196
153907161,P,201510051439,LIV 3,T1611L0,100
153908166,P,201510051440,LIV 8,1656L021,183
153909958,P,201510051440,LIV 7,1655L0T,56
153911342,P,201510051441,LIV 5,1656L0T,204
153909974,P,201510051442,LIV 6,1655L0T,205
153907712,P,201510051442,LIV 9,1625L0149,186
153908298,P,201510051443,LIV 3,T1610L0,99
153908167,P,201510051444,LIV 8,1656L021,182
153907877,P,201510051444,LIV 2,T1611F0,106
153909958,P,201510051444,LIV 7,1655L0T,193
153908343,P,201510051445,LIV 3,T1611L6,99
153907641,P,201510050603,LIV 6,T162X,210
153906362,P,201510050648,LIV 5,1655L050,202
153903381,P,201510051148,LIV 9,1626L0161,44
153800935,P,201510051148,LIV 2,T1610L0C1517,100
153906380,P,201510051148,LIV 5,1655L050,232
153809192,P,201510051148,LIV 6,1655L033,195
153907094,P,201510051149,LIV 3,T1610L0,198
153911970,P,201510051149,LIV 7,1655L049,198
153906367,F,201510051150,LIV 5,T165X,65
153809797,P,201510051151,LIV 6,1655L048,51
153907252,F,201510051152,LIV 8,T165X,207
153903381,P,201510051153,LIV 9,1626L0161,203
153907102,P,201510051153,LIV 3,T1610L0,197
153911985,P,201510051154,LIV 7,1655L049,222
153907252,F,201510051154,LIV 8,1656L021,43
153809797,P,201510051154,LIV 6,1655L048,196
153906367,P,201510051155,LIV 5,1655L050,210
144809121,F,201510051155,LIV 9,1625S0157,43
153800998,P,201510051155,LIV 2,T1610L0C1517,91
153808524,P,201510051156,LIV 6,1656L352,44
153907252,P,201510051157,LIV 9,1656L021,44
153911967,P,201510051159,LIV 7,1655L049,291
153800998,P,201510051200,LIV 2,T1610L0C1517,217
153906364,P,201510051200,LIV 5,1655L050,216
153808524,P,201510051200,LIV 6,1656L352,196
153907107,P,201510051201,LIV 3,T1610L0,311
153907252,P,201510051201,LIV 9,1656L021,188
153900174,P,201510051202,LIV 6,1625L0,54
153800936,P,201510051202,LIV 2,T1610L0C1517,99
153911968,P,201510051203,LIV 7,1655L049,191
153910103,P,201510051204,LIV 9,1655L045,44
153906118,P,201510051204,LIV 5,1655L060,209
153907105,F,201510051205,LIV 3,1610L0,201
153900174,P,201510051206,LIV 6,1625L0,191
153800936,P,201510051207,LIV 2,T1610L0C1517,218
153804418,F,201510051207,LIV 6,1625L034,52
153906120,P,201510051208,LIV 5,1655L060,200
153910103,F,201510051209,LIV 9,1655L045,192
153911371,P,201510051209,LIV 7,1656L0T,250
153605573,P,201510051209,LIV 6,1626L3,44
153800938,P,201510051210,LIV 2,T1610L0C1517,92
153804418,F,201510051210,LIV 9,1625L034,45
153911040,P,201510051211,LIV 8,1656L0T,209
153907105,P,201510051212,LIV 3,T1610L0,216
153907533,P,201510051212,LIV 9,1655L038,43
153906119,P,201510051213,LIV 5,1655L060,231
153911365,P,201510051214,LIV 7,1656L0T,195
153800938,P,201510051214,LIV 2,T1610L0C1517,218
153911048,P,201510051216,LIV 8,1656L0T,198
153905469,P,201510051216,LIV 5,1656L051,65
153605573,P,201510051216,LIV 6,T162X,365
153800943,P,201510051217,LIV 2,T1610L0C1517,92
153907533,P,201510051218,LIV 9,1655L038,190
153911849,P,201510051218,LIV 6,1655L049,51
153911368,P,201510051218,LIV 7,1656L0T,196
153906709,F,201510051219,LIV 3,1610L0,327
153806918,P,201510051219,LIV 9,1655L032,43
153908459,P,201510051219,LIV 8,1655L0T,182
153907337,P,201510051220,LIV 6,1655L028,44
153905469,P,201510051221,LIV 5,1656L051,214
153800943,P,201510051222,LIV 2,T1610L0C1517,216
153906629,P,201510051223,LIV 3,T1610L0,207
153911966,P,201510051223,LIV 7,1655L049,226
153911033,P,201510051224,LIV 8,1656L0T,184
153907337,P,201510051224,LIV 6,1655L028,197
153906379,P,201510051224,LIV 9,1655L050,43
153907348,P,201510051225,LIV 5,1655L028,226
153911853,P,201510051227,LIV 7,1655L049,195
153911035,P,201510051228,LIV 8,1656L0T,184
153906626,P,201510051228,LIV 3,T1610L0,190
153906379,P,201510051228,LIV 9,1655L050,194
153906205,P,201510051229,LIV 6,1655L060,48
153907060,P,201510051229,LIV 2,T1610L0,228
153907350,P,201510051230,LIV 5,1655L028,229
153906402,P,201510051230,LIV 9,1655L050,43
153907539,P,201510051232,LIV 8,1655L038,183
153906205,P,201510051233,LIV 6,1655L060,183
153906777,P,201510051233,LIV 3,T1610L0,201
153911370,P,201510051234,LIV 7,1656L0T,56
153907070,P,201510051234,LIV 2,T1610L0,219
153906402,P,201510051234,LIV 9,1655L050,193
153907352,F,201510051235,LIV 5,1655L028,227
153910119,F,201510051235,LIV 6,1655L045,51
144809121,F,201510051236,LIV 9,1625S0157,44
153911046,P,201510051236,LIV 8,1656L0T,186
153907108,P,201510051237,LIV 2,T1610L0,92
153906652,P,201510051237,LIV 3,T1610L0,186
153911370,P,201510051237,LIV 7,1656L0T,195
153612423,P,201510051237,LIV 6,1626L3,44
153910119,F,201510051238,LIV 9,1655L045,44
153908164,P,201510051240,LIV 9,1656L021,43
153907347,F,201510051241,LIV 5,1655L028,309
153907108,P,201510051242,LIV 2,T1610L0,219
153911362,F,201510051243,LIV 7,1656L0T,213
153908164,P,201510051243,LIV 9,1656L021,191
153710591,P,201510051245,LIV 6,1656L0T,44
153902998,P,201510051246,LIV 9,1656L026,44
153911363,P,201510051247,LIV 7,1656L0T,196
153906706,P,201510051248,LIV 3,T1610L0,198
153906649,P,201510051409,LIV 3,T1610L0,195
153907061,F,201510051420,LIV 2,T1610L0,91
153904344,P,201510051434,LIV 9,1626L0159,43
153710591,P,201510051249,LIV 6,1656L0T,181
E15180021,P,201510051249,LIV 2,T1608L0,217
153902998,P,201510051250,LIV 9,1656L026,192
153803876,P,201510051251,LIV 6,1656L024,52
153910118,P,201510051251,LIV 5,1655L045,203
153904790,P,201510051251,LIV 9,1655L058,46
153909212,F,201510051252,LIV 7,1656L0T,201
153906708,P,201510051252,LIV 3,T1610L0,191
153907232,P,201510051252,LIV 8,1656L021,192
E15180028,P,201510051254,LIV 2,T1608L0,219
153803876,P,201510051254,LIV 6,1656L024,182
153904790,P,201510051255,LIV 9,1655L058,197
153906253,P,201510051256,LIV 5,1655L060,208
153907339,P,201510051256,LIV 7,1655L028,191
153906615,P,201510051256,LIV 3,T1610L0,190
153904749,F,201510051256,LIV 6,1655L058,51
153804916,P,201510051257,LIV 9,1626L3161,43
153911042,P,201510051257,LIV 8,1656L0T,194
153806798,P,201510051258,LIV 6,1655L040,44
E15180026,F,201510051258,LIV 2,T1608L0,221
153705656,P,201510051306,LIV 3,T1611L0,192
153908461,P,201510051310,LIV 9,1655L0T,43
153905364,P,201510051332,LIV 6,1655L051,197
E15180025,P,201510051334,LIV 2,T1608L0,214
153903463,P,201510051100,LIV 9,1626L0161,43
153907109,P,201510051100,LIV 3,T1610L0,197
153910173,P,201510051100,LIV 5,1655L045,226
153903449,P,201510051100,LIV 8,1626L0161,44
153911366,P,201510051100,LIV 7,1656L0T,199
153902342,P,201510051101,LIV 6,1655L032,197
153908321,P,201510051104,LIV 2,T1610L0,208
153903463,P,201510051104,LIV 9,1626L0161,192
153903449,P,201510051104,LIV 8,1626L0161,182
153907068,P,201510051105,LIV 3,T1610L0,199
153910170,P,201510051105,LIV 5,1655L045,227
153911848,P,201510051105,LIV 7,1655L049,196
153907586,P,201510051106,LIV 2,T1610L0,108
153910171,F,201510051107,LIV 5,T165X,46
153906600,P,201510051107,LIV 9,1625L0149,44
153902773,P,201510051108,LIV 6,1655L036,177
153909252,P,201510051108,LIV 8,1656L0T,207
153907097,P,201510051109,LIV 3,T1610L0,189
153908497,P,201510051109,LIV 2,T1611L0,108
153911841,P,201510051109,LIV 7,1655L049,214
154003225,P,201510051110,LIV 6,1625L0,55
153906600,P,201510051111,LIV 9,1625L0149,189
153907169,F,201510051112,LIV 2,611L0,112
153909250,P,201510051112,LIV 8,1656L0T,204
153911842,P,201510051113,LIV 7,1655L049,196
154003225,P,201510051114,LIV 6,1625L0,196
153907098,P,201510051114,LIV 3,T1610L0,200
153908291,P,201510051116,LIV 2,T1610L0,101
153905347,P,201510051116,LIV 6,1655L051,74
153909206,P,201510051117,LIV 8,1656L0T,221
153900273,P,201510051117,LIV 5,1625L0,207
153911840,P,201510051118,LIV 7,1655L049,197
153905347,F,201510051118,LIV 6,T165X,58
153800945,P,201510051119,LIV 2,T1610L0C1517,101
153804902,F,201510051120,LIV 9,1626L3161,403
153907235,P,201510051121,LIV 8,1656L021,183
153900270,P,201510051122,LIV 5,1625L0,210
153911836,P,201510051122,LIV 7,1655L049,216
153905347,P,201510051122,LIV 6,1655L051,196
153800945,P,201510051123,LIV 2,T1610L0C1517,216
153907111,P,201510051125,LIV 3,T1610L0,201
153804903,P,201510051125,LIV 9,1626L3161,43
153807674,P,201510051125,LIV 6,1655L059,52
153907251,P,201510051125,LIV 8,1656L021,184
153800987,P,201510051126,LIV 2,T1610L0C1517,94
153911419,P,201510051126,LIV 7,1656L0T,191
153804903,P,201510051128,LIV 9,1626L3161,191
153807674,P,201510051128,LIV 6,1655L059,196
153805055,P,201510051130,LIV 9,1626L3161,44
153907100,P,201510051130,LIV 3,T1610L0,262
153906379,F,201510051130,LIV 5,1655L050,428
153800987,P,201510051130,LIV 2,T1610L0C1517,218
153807316,P,201510051130,LIV 6,1655L056,44
153911983,P,201510051131,LIV 7,1655L049,218
153800989,P,201510051133,LIV 2,T1610L0C1517,100
153805055,P,201510051133,LIV 9,1626L3161,192
153907099,P,201510051134,LIV 3,T1610L0,201
153711656,F,201510051135,LIV 9,1626L0161,44
153807316,P,201510051135,LIV 6,1655L056,223
153907240,P,201510051135,LIV 8,1656L021,223
153911376,P,201510051135,LIV 7,1656L0T,196
153711656,F,201510051137,LIV 8,T162X,46
153900392,P,201510051138,LIV 6,1625L0,44
153800989,P,201510051138,LIV 2,T1610L0C1517,213
153907104,P,201510051139,LIV 3,T1610L0,188
153911969,P,201510051140,LIV 7,1655L049,198
153711787,P,201510051140,LIV 9,1626L0161,194
153800930,P,201510051141,LIV 2,T1610L0C1517,100
153711556,P,201510051142,LIV 9,1626L0161,77
153907096,P,201510051143,LIV 3,T1610L0,193
153906379,F,201510051143,LIV 5,1655L050,209
153809192,P,201510051144,LIV 6,1655L033,90
153911377,P,201510051144,LIV 7,1656L0T,199
153711656,F,201510051144,LIV 8,1626L0161,367
153800930,P,201510051145,LIV 2,T1610L0C1517,219
153711556,P,201510051146,LIV 9,1626L0161,190
153905896,P,201510050900,LIV 5,1655L3T,218
153907696,P,201510050900,LIV 2,T1610L0,108
154004886,P,201510050901,LIV 6,1625L0157,48
153905204,P,201510050902,LIV 8,1626L0159,186
154004890,P,201510050903,LIV 6,1625L0157,48
153803187,F,201510050903,LIV 9,T162X,11
153907583,P,201510050903,LIV 2,T1610L0,112
153907632,P,201510050904,LIV 7,1655L030,204
153907699,P,201510050904,LIV 3,T1610L0,102
153910106,P,201510050905,LIV 5,1655L045,202
154004885,P,201510050905,LIV 6,1625L0157,48
153904537,P,201510050906,LIV 9,1626L0159,45
153907670,P,201510050906,LIV 2,T1610L0,108
153907701,P,201510050907,LIV 3,T1610L0,102
154004881,P,201510050907,LIV 6,1625L0157,48
153905216,P,201510050907,LIV 8,1626L0159,221
154004879,P,201510050909,LIV 6,1625L0157,48
153903360,P,201510050801,LIV 9,1626L0161,191
153711773,P,201510050803,LIV 9,1626L0161,43
154004953,P,201510050803,LIV 6,1625L0157,47
154004948,P,201510050805,LIV 6,1625L0157,44
153907493,P,201510050811,LIV 3,T1611L0,102
153907490,P,201510050824,LIV 3,T1611L0,102
153907596,P,201510050857,LIV 2,T1610L0,108
153910107,P,201510050909,LIV 5,1655L045,207
153907669,P,201510050909,LIV 2,T1610L0,108
153904537,P,201510050910,LIV 9,1626L0159,192
154004887,P,201510050911,LIV 6,1625L0157,44
153907519,P,201510050911,LIV 3,T1610L0,102
153904543,P,201510050912,LIV 9,1626L0159,44
153907677,P,201510050912,LIV 2,T1610L0,113
153905216,P,201510050912,LIV 8,1626L0159,183
154004878,P,201510050912,LIV 6,1625L0157,48
153907520,P,201510050914,LIV 3,T1610L0,103
154004877,P,201510050914,LIV 6,1625L0157,48
153910105,P,201510050914,LIV 5,1655L045,238
153907668,P,201510050915,LIV 2,T1610L0,108
153907633,P,201510050915,LIV 7,1655L030,92
153904543,P,201510050916,LIV 9,1626L0159,193
154004888,P,201510050916,LIV 6,1625L0157,48
153907523,F,201510050917,LIV 3,1610L0,126
153907270,P,201510050917,LIV 9,1655L028,43
154004889,P,201510050918,LIV 6,1625L0157,48
153907597,P,201510050918,LIV 2,T1610L0,118
153909741,P,201510050918,LIV 8,1655L0T,191
153907633,P,201510050919,LIV 7,1655L030,185
153910104,P,201510050919,LIV 5,1655L045,205
153805088,P,201510050920,LIV 6,1656L0T,44
153907475,P,201510050920,LIV 3,T1611L0,146
153907270,P,201510050921,LIV 9,1655L028,190
153907595,P,201510050921,LIV 2,T1610L0,108
153904279,P,201510050922,LIV 9,1625L0149,44
153909734,P,201510050922,LIV 8,1655L0T,181
153907636,P,201510050922,LIV 7,1655L030,196
153907494,P,201510050923,LIV 3,T1611L0,107
153900275,P,201510050923,LIV 5,1625L0,202
153805088,P,201510050924,LIV 6,1656L0T,187
153907594,P,201510050924,LIV 2,T1610L0,118
153908374,P,201510050600,LIV 3,T1610L0,112
154004850,P,201510050601,LIV 9,1625L0157,45
153908478,P,201510050602,LIV 2,T1611L0,108
153906372,P,201510050603,LIV 5,1655L050,195
153906192,P,201510050603,LIV 7,1655L060,270
154004870,P,201510050603,LIV 9,1625L0157,45
153910231,P,201510050603,LIV 8,1655L045,182
154001965,P,201510050608,LIV 9,1656L023,44
154001824,F,201510050610,LIV 9,1656L031,44
153905742,P,201510050925,LIV 6,1656L055,44
153907115,P,201510050926,LIV 3,T1610L0,102
153904279,P,201510050926,LIV 9,1625L0149,190
153907635,P,201510050927,LIV 7,1655L030,199
153909732,P,201510050927,LIV 8,1655L0T,208
153907558,P,201510050927,LIV 2,T1610L0,119
153904296,P,201510050927,LIV 9,1625L0149,43
153907522,P,201510050929,LIV 3,T1610L0,106
153905742,P,201510050929,LIV 6,1656L055,193
153907551,P,201510050931,LIV 2,T1610L0,114
153907267,P,201510050931,LIV 7,1655L028,196
153806916,P,201510050931,LIV 6,1655L032,44
153907700,P,201510050931,LIV 3,T1610L0,101
153909976,P,201510050932,LIV 8,1655L0T,198
153904296,P,201510050932,LIV 9,1625L0149,186
153803334,F,201510050933,LIV 9,T162X,11
153905832,P,201510050933,LIV 5,1655L3T,230
153907562,P,201510050934,LIV 2,T1610L0,118
153803334,F,201510050934,LIV 9,T162X,11
153907170,P,201510050934,LIV 3,T1611L0,102
153806916,P,201510050935,LIV 6,1655L032,193
153909977,P,201510050936,LIV 8,1655L0T,176
153803193,P,201510050936,LIV 9,1626L0151,45
152006666,P,201510050639,LIV 3,T1610L0,194
153906194,P,201510050642,LIV 7,1655L060,178
153905242,P,201510050643,LIV 8,1626L0159,197
153906127,P,201510050644,LIV 6,T165X,196
153905516,P,201510050644,LIV 5,1656L049,190
153907634,P,201510050646,LIV 7,1655L030,185
153905201,P,201510050647,LIV 8,1626L0159,185
153908373,P,201510050648,LIV 3,T1610L0,106
153906125,P,201510050649,LIV 6,1655L060,194
153907712,F,201510050650,LIV 9,1625L0149,393
153907629,P,201510050650,LIV 7,1655L030,180
153907712,F,201510050650,LIV 9,T162X,11
153905251,P,201510050651,LIV 8,1626L0159,181
153906369,P,201510050652,LIV 5,1655L050,210
153907269,P,201510050936,LIV 7,1655L028,221
153907548,P,201510050936,LIV 2,T1610L0,108
153907171,P,201510050937,LIV 3,T1611L0,102
153910163,P,201510050937,LIV 5,1655L045,197
153803193,P,201510050940,LIV 9,1626L0151,200
153907553,P,201510050940,LIV 2,T1610L0,114
153909975,P,201510050940,LIV 8,1655L0T,182
153907263,P,201510050941,LIV 7,1655L028,194
153809325,P,201510050941,LIV 6,1655L041,196
153907702,P,201510050942,LIV 3,T1610L0,137
153803270,F,201510050942,LIV 9,1626L0151,44
153905848,P,201510050943,LIV 6,1655L3T,44
153903457,P,201510050943,LIV 9,1626L0161,44
153907549,P,201510050944,LIV 2,T1610L0,114
153907542,P,201510050944,LIV 8,1655L038,181
153907606,P,201510050944,LIV 3,T1610L0,102
153907266,P,201510050945,LIV 7,1655L028,193
153906126,P,201510050653,LIV 6,1655L060,204
153907631,P,201510050654,LIV 7,1655L030,182
153908479,P,201510050655,LIV 3,T1611L0,102
153710269,F,201510050656,LIV 8,T165X,66
153904298,P,201510050656,LIV 9,1625L0149,204
153710269,F,201510050658,LIV 8,T165X,36
154003336,P,201510050657,LIV 7,1625L0,84
153906366,P,201510050657,LIV 5,1655L050,222
153908503,P,201510050658,LIV 2,T1611L0,265
153908372,P,201510050658,LIV 3,T1610L0,111
153909737,P,201510050658,LIV 6,1655L0T,180
153910181,P,201510050946,LIV 5,1655L045,211
153905848,P,201510050946,LIV 6,1655L3T,196
153903457,P,201510050947,LIV 9,1626L0161,194
153907555,P,201510050947,LIV 2,T1610L0,118
153903273,P,201510050948,LIV 6,1656L039,44
153907538,P,201510050948,LIV 8,1655L038,182
153903440,P,201510050949,LIV 9,1626L0161,44
153907268,P,201510050949,LIV 7,1655L028,194
153907599,P,201510050950,LIV 3,T1610L0,252
153910177,P,201510050951,LIV 5,1655L045,226
153903273,F,201510050952,LIV 6,1656L039,196
153903440,P,201510050953,LIV 9,1626L0161,198
153907537,P,201510050953,LIV 8,1655L038,201
153906181,P,201510050953,LIV 7,1655L060,197
153907546,P,201510050954,LIV 2,T1610L0,120
153708112,P,201510050954,LIV 6,1655L060,52
153907608,P,201510050954,LIV 3,T1610L0,101
153806918,P,201510051223,LIV 9,1655L032,188
153911370,F,201510051232,LIV 7,1656L0T,196
153612423,P,201510051241,LIV 6,T162X,198
153911044,P,201510051242,LIV 8,1656L0T,199
153906782,P,201510051243,LIV 3,T1610L0,192
153902998,F,201510051243,LIV 6,1656L026,51
153907359,P,201510051246,LIV 5,1655L028,208
153911045,P,201510051247,LIV 8,1656L0T,181
153911426,P,201510051300,LIV 7,1656L0T,196
153906403,P,201510051300,LIV 5,1655L050,225
153804916,P,201510051301,LIV 9,1626L3161,189
153909205,P,201510051301,LIV 8,1656L0T,183
153705626,P,201510051301,LIV 3,T1611L0,191
153806798,P,201510051302,LIV 6,1655L040,198
153904749,F,201510051303,LIV 9,1655L058,43
153805687,P,201510051304,LIV 6,1655L030,52
E15180032,P,201510051304,LIV 2,T1608L0,271
153907332,P,201510051304,LIV 7,1655L028,192
153909212,P,201510051305,LIV 9,1656L0T,43
153911353,P,201510051305,LIV 5,1656L0T,212
153909204,P,201510051305,LIV 8,1656L0T,188
153910175,P,201510050956,LIV 5,1655L045,231
153907532,P,201510050957,LIV 8,1655L038,206
153708112,P,201510050957,LIV 6,1655L060,196
153907609,P,201510050958,LIV 3,T1610L0,102
153907344,P,201510050958,LIV 7,1655L028,195
153903273,P,201510050958,LIV 9,1656L039,195
153907552,P,201510050959,LIV 2,T1610L0,225
153805687,P,201510051308,LIV 6,1655L030,181
153909212,P,201510051308,LIV 9,1656L0T,190
153909200,P,201510051309,LIV 8,1656L0T,182
154003392,P,201510051310,LIV 6,1625L0,52
E15180035,P,201510051310,LIV 2,T1608L0,217
153909267,F,201510051310,LIV 5,1656L0T,235
153801048,P,201510051310,LIV 3,T1610L0C1518,189
153909202,P,201510051313,LIV 8,1656L0T,203
153908461,P,201510051314,LIV 9,1655L0T,189
153906651,P,201510051314,LIV 3,T1610L0,190
153909275,P,201510051314,LIV 5,1656L0T,196
154003392,P,201510051315,LIV 6,1625L0,205
153909267,P,201510051315,LIV 9,1656L0T,43
153911378,F,201510051316,LIV 7,T165X,198
153807455,P,201510051317,LIV 6,1655L059,53
153909203,P,201510051317,LIV 8,1656L0T,184
E15180025,F,201510051317,LIV 2,T1608L0,339
153911352,P,201510051319,LIV 5,1656L0T,211
153911374,P,201510051320,LIV 7,1656L0T,198
153909267,P,201510051320,LIV 9,1656L0T,192
153502299,F,201510051321,LIV 3,1610L0,218
153807455,P,201510051321,LIV 6,1655L059,196
153909201,P,201510051321,LIV 8,1656L0T,184
153904320,P,201510051321,LIV 9,1625L0149,44
151507076,P,201510051322,LIV 6,1626L3,44
153502299,P,201510051323,LIV 3,T1610L0,92
E15180020,P,201510051323,LIV 2,T1608L0,208
153909283,P,201510051324,LIV 5,1656L0T,209
153911424,F,201510051325,LIV 7,1656L0T,196
153904320,P,201510051325,LIV 9,1625L0149,196
153908131,P,201510051326,LIV 8,1656L021,216
151507076,P,201510051326,LIV 6,T162X,185
153907331,F,201510051327,LIV 7,T165X,105
153903411,P,201510051327,LIV 9,1626L0161,44
153911424,P,201510051328,LIV 8,1656L0T,55
E15180026,P,201510051328,LIV 2,T1608L0,210
153502299,P,201510051328,LIV 3,T1610L0,195
153909246,F,201510051328,LIV 5,1656L0T,196
153905364,P,201510051328,LIV 6,1655L051,52
153903411,P,201510051331,LIV 9,1626L0161,194
153907331,P,201510051332,LIV 7,1655L028,198
153911424,P,201510051332,LIV 8,1656L0T,183
153909245,P,201510051333,LIV 5,1656L0T,202
153804913,P,201510051333,LIV 9,1626L3161,43
153806007,P,201510051334,LIV 6,1656L023,54
153906617,P,201510051335,LIV 3,T1610L0,198
153906396,P,201510051336,LIV 7,1655L050,197
153908130,P,201510051336,LIV 8,1656L021,181
153804913,P,201510051337,LIV 9,1626L3161,195
153909243,P,201510051338,LIV 5,1656L0T,213
153806007,P,201510051338,LIV 6,1656L023,195
153906627,P,201510051339,LIV 3,T1610L0,198
153903314,P,201510051340,LIV 9,1626L0161,43
153902296,P,201510051341,LIV 6,1655L032,53
153906394,P,201510051341,LIV 7,1655L050,199
153908135,P,201510051341,LIV 8,1656L021,184
153907067,P,201510051341,LIV 2,T1610L0,224
153909244,P,201510051343,LIV 5,1656L0T,215
153903314,P,201510051343,LIV 9,1626L0161,194
153906625,P,201510051344,LIV 3,T1610L0,195
153902296,P,201510051344,LIV 6,1655L032,192
153912210,P,201510051345,LIV 9,1625L0151,43
153906393,P,201510051345,LIV 7,1655L050,193
153911047,P,201510051345,LIV 8,1656L0T,183
153907066,P,201510051346,LIV 2,T1610L0,216
153902279,F,201510051347,LIV 6,1655L032,53
153909279,P,201510051347,LIV 5,1656L0T,207
153912210,P,201510051349,LIV 9,1625L0151,191
153903266,P,201510051350,LIV 6,1656L039,44
153911423,P,201510051350,LIV 7,1656L0T,197
153911049,P,201510051351,LIV 8,1656L0T,182
153907071,P,201510051351,LIV 2,T1610L0,212
153906630,P,201510051351,LIV 3,T1610L0,383
153902279,P,201510051352,LIV 9,1655L032,44
153909278,P,201510051353,LIV 5,1656L0T,210
153903266,P,201510051353,LIV 6,1656L039,196
153905490,P,201510051355,LIV 8,1656L051,184
153906387,P,201510051355,LIV 7,1655L050,229
153902279,P,201510051355,LIV 9,1655L032,188
153902145,P,201510051355,LIV 6,1656L021,51
153907055,P,201510051356,LIV 2,T1610L0,221
153906648,P,201510051356,LIV 3,T1610L0,187
153804911,P,201510051358,LIV 9,1626L3161,44
153909238,P,201510051358,LIV 5,1656L0T,216
153907685,P,201510050739,LIV 2,T1610L0,121
154004830,P,201510050739,LIV 6,1625L0157,44
153907260,F,201510050740,LIV 7,1655L028,184
153907618,P,201510050740,LIV 3,T1610L0,102
153908154,P,201510050740,LIV 8,1656L021,200
153802294,P,201510050741,LIV 9,T162X,201
153907260,P,201510050742,LIV 7,1655L028,56
153907680,P,201510050742,LIV 2,T1610L0,119
153907619,P,201510050743,LIV 3,T1610L0,101
153805079,F,201510050744,LIV 9,1626L3161,45
153910227,P,201510050745,LIV 8,1655L045,183
153907681,P,201510050745,LIV 2,T1610L0,114
153908488,P,201510050746,LIV 3,T1611L0,102
153907260,P,201510050746,LIV 7,1655L028,187
153903302,P,201510050746,LIV 9,1626L0161,43
153902856,P,201510050746,LIV 6,1655L036,48
154005154,P,201510050748,LIV 6,1656L040,44
153909404,P,201510050748,LIV 5,1655L051,350
154004964,F,201510050818,LIV 6,T162X,55
153906185,P,201510050818,LIV 7,1655L060,194
154004818,P,201510050818,LIV 9,1625L0157,44
153905244,P,201510050819,LIV 8,1626L0159,194
153910103,F,201510050819,LIV 5,1655L045,217
153907751,F,201510050819,LIV 9,1656L0T,43
153907465,P,201510050821,LIV 3,T1611L0,101
154004964,F,201510050821,LIV 6,T162X,131
153910103,P,201510050822,LIV 5,1655L045,66
153907672,P,201510050822,LIV 2,T1610L0,108
154005554,P,201510050822,LIV 9,1656L043,44
153906187,P,201510050823,LIV 7,1655L060,229
154004964,F,201510050824,LIV 6,T162X,44
154004558,P,201510050824,LIV 9,1625L0,44
153904542,P,201510050825,LIV 8,1626L0159,210
153907693,P,201510050825,LIV 2,T1610L0,113
154004559,P,201510050825,LIV 9,1625L0,43
154004834,P,201510050826,LIV 6,1625L0157,49
153910103,F,201510050826,LIV 5,T165X,205
153907492,P,201510050826,LIV 3,T1611L0,106
154005027,F,201510050827,LIV 9,1625L0157,43
153906184,P,201510050827,LIV 7,1655L060,188
154004591,P,201510050421,LIV 8,1625L0,57
154005589,P,201510050421,LIV 7,1656L059,44
154002991,P,201510050421,LIV 3,T1610L0,97
154004593,P,201510050422,LIV 8,1625L0,44
154005590,P,201510050423,LIV 7,1656L059,45
154005534,P,201510050423,LIV 5,1656L037,235
153906558,P,201510050424,LIV 6,1625L0149,202
153908435,P,201510050424,LIV 3,T1611L0,105
154004594,P,201510050424,LIV 8,1625L0,43
154005591,P,201510050425,LIV 7,1656L059,92
153907837,P,201510050425,LIV 2,T1611L8,120
153908434,P,201510050426,LIV 3,T1611L0,107
154005592,P,201510050426,LIV 7,1656L059,45
154004595,P,201510050426,LIV 8,1625L0,44
154005593,P,201510050428,LIV 7,1656L059,44
153910115,P,201510050428,LIV 5,1655L045,230
153904194,P,201510050428,LIV 6,1625L0149,208
154004550,P,201510050429,LIV 8,1625L0,58
153908433,P,201510050429,LIV 3,T1611L0,102
154005594,P,201510050429,LIV 7,1656L059,44
153906699,P,201510050430,LIV 2,T1610L0,101
154004842,P,201510050545,LIV 9,1625L0157,44
153907305,P,201510050545,LIV 5,1655L028,210
153908143,F,201510050547,LIV 8,1656L021,405
154004844,P,201510050547,LIV 9,1625L0157,45
153907648,P,201510050548,LIV 6,T162X,337
153906193,P,201510050548,LIV 7,1655L060,191
154004845,P,201510050549,LIV 9,1625L0157,44
153908143,P,201510050551,LIV 8,1656L021,198
153906116,P,201510050552,LIV 5,1655L060,259
153906191,P,201510050553,LIV 7,1655L060,197
154005440,P,201510050553,LIV 9,1655L025,46
153907640,F,201510050554,LIV 6,1625L0149,290
154004846,P,201510050555,LIV 9,1625L0157,45
153908507,P,201510050556,LIV 2,T1611L0,122
154004848,P,201510050557,LIV 9,1625L0157,45
153906255,P,201510050557,LIV 7,1655L060,194
153906365,P,201510050558,LIV 5,1655L050,230
153908376,P,201510050558,LIV 3,T1610L0,216
154004849,P,201510050558,LIV 9,1625L0157,44
153907642,P,201510050559,LIV 6,1625L0149,187
153906233,P,201510050307,LIV 8,1655L060,44
153907527,P,201510050308,LIV 7,1655L038,141
153906663,F,201510050309,LIV 3,1610L0,101
154004490,P,201510050309,LIV 8,1625L0,43
153907832,P,201510050310,LIV 2,T1611L8,120
154004727,P,201510050310,LIV 7,1625L0,45
153910006,P,201510050311,LIV 9,1655L0T,189
153908443,P,201510050311,LIV 3,T1611L0,102
153906663,P,201510050312,LIV 2,T1610L0,109
153908153,F,201510050312,LIV 6,1656L021,192
154004489,P,201510050313,LIV 8,1625L0,43
153903047,P,201510050314,LIV 3,T1611L0,103
153907833,F,201510050314,LIV 2,1611L8,105
154004488,P,201510050315,LIV 8,1625L0,44
154004728,P,201510050315,LIV 7,1625L0,82
153906658,P,201510050316,LIV 3,T1610L0,102
153909548,P,201510050316,LIV 9,1655L053,189
153908152,P,201510050317,LIV 6,1656L021,205
153908324,P,201510050317,LIV 2,T1611L6,109
154004487,P,201510050317,LIV 8,1625L0,44
153907697,P,201510050749,LIV 2,T1610L0,114
153907622,P,201510050749,LIV 3,T1610L0,95
153907270,F,201510050750,LIV 7,1655L028,186
153910226,P,201510050750,LIV 8,1655L045,217
153907751,F,201510050750,LIV 6,1656L0T,46
153903302,P,201510050750,LIV 9,1626L0161,198
153907691,P,201510050752,LIV 2,T1610L0,125
154004954,P,201510050752,LIV 6,1625L0157,44
153903396,P,201510050753,LIV 9,1626L0161,43
153909405,P,201510050753,LIV 5,1655L051,237
153907620,P,201510050753,LIV 3,T1610L0,101
153903042,P,201510050754,LIV 7,1656L026,210
153909733,P,201510050754,LIV 8,1655L0T,193
154004946,P,201510050754,LIV 6,1625L0157,44
153907695,P,201510050755,LIV 2,T1610L0,108
153903396,P,201510050756,LIV 9,1626L0161,192
153907621,P,201510050756,LIV 3,T1610L0,107
153712273,F,201510051000,LIV 9,1626L0159,43
153907607,P,201510051001,LIV 3,T1610L0,102
153803270,P,201510051006,LIV 9,1626L0151,197
153802315,P,201510051012,LIV 9,1625L3149,200
154003656,F,201510051015,LIV 9,1656L016,111
153908289,P,201510051030,LIV 2,T1610L0,108
153911038,P,201510051041,LIV 8,1656L0T,183
153911851,P,201510051044,LIV 7,1655L049,213
154003656,F,201510050431,LIV 8,1656L016,43
153908378,P,201510050431,LIV 3,T1610L0,102
154005595,F,201510050432,LIV 7,T165X,120
154004596,F,201510050433,LIV 8,T162X,44
153904711,P,201510050433,LIV 2,T1610L0,114
153904228,P,201510050434,LIV 6,1625L0149,191
153910111,P,201510050434,LIV 5,1655L045,266
153906707,P,201510050434,LIV 3,T1610L0,102
154005595,F,201510050435,LIV 7,T165X,75
154004597,P,201510050435,LIV 8,1625L0,49
153908428,P,201510050436,LIV 2,T1611L0,115
154005597,P,201510050436,LIV 7,1656L059,78
153907825,P,201510050437,LIV 3,T1611L8,107
154004598,P,201510050438,LIV 8,1625L0,120
153908429,P,201510050439,LIV 2,T1611L0,108
154005598,F,201510050439,LIV 7,T165X,68
153907830,P,201510050439,LIV 3,T1611L8,102
153910003,P,201510050559,LIV 8,1655L0T,273
153908495,P,201510050559,LIV 2,T1611L0,109
154001755,F,201510050318,LIV 5,1656L029,671
153907833,P,201510050318,LIV 3,T1611L8,101
154004729,P,201510050318,LIV 7,1625L0,44
153907834,P,201510050319,LIV 2,T1611L8,107
154004486,P,201510050320,LIV 8,1625L0,58
154002211,P,201510050320,LIV 7,1656L034,44
153908442,P,201510050320,LIV 3,T1611L0,103
154004256,F,201510050322,LIV 7,1625L0,44
153907835,P,201510050322,LIV 2,T1611L8,112
154004485,P,201510050322,LIV 8,1625L0,65
153908151,P,201510050322,LIV 6,1656L021,191
154001755,P,201510050322,LIV 5,1656L029,230
153904765,P,201510050323,LIV 9,1655L058,192
153908441,P,201510050323,LIV 3,T1611L0,101
154004745,P,201510050323,LIV 7,1625L0,44
154004484,P,201510050324,LIV 8,1625L0,76
153908440,P,201510050325,LIV 3,T1611L0,102
154004744,P,201510050325,LIV 7,1625L0,66
154004481,P,201510050326,LIV 8,1625L0,58
153908150,P,201510050327,LIV 6,1656L021,196
153911439,P,201510050327,LIV 5,1656L059,236
153904329,P,201510050439,LIV 6,1625L0149,201
153910112,P,201510050440,LIV 5,1655L045,204
154005598,F,201510050440,LIV 7,T165X,41
153908430,P,201510050441,LIV 2,T1611L0,107
153907821,P,201510050442,LIV 3,T1611L8,104
154004852,P,201510050442,LIV 9,1625L0157,43
154004601,P,201510050443,LIV 8,1625L0,80
154005599,P,201510050443,LIV 7,1656L059,63
154004743,P,201510050327,LIV 7,1625L0,44
153908439,P,201510050328,LIV 3,T1611L0,102
153906201,P,201510050328,LIV 9,1655L060,194
154004535,P,201510050328,LIV 8,1625L0,44
154004742,P,201510050329,LIV 7,1625L0,44
154002087,P,201510050330,LIV 8,1655L051,43
153908437,P,201510050330,LIV 3,T1611L0,104
154004730,P,201510050331,LIV 7,1625L0,44
153909515,P,201510050331,LIV 6,1655L053,192
153911431,P,201510050332,LIV 5,1656L059,206
153711168,P,201510050333,LIV 8,1656L0,48
154004538,P,201510050335,LIV 8,1625L0,43
154004741,P,201510050335,LIV 7,1625L0,44
154004537,P,201510050338,LIV 8,1625L0,44
154004731,P,201510050338,LIV 7,1625L0,59
153906594,P,201510050701,LIV 9,1625L0149,197
153908471,P,201510050701,LIV 2,T1611L0,120
154003336,P,201510050702,LIV 7,1625L0,194
153904539,P,201510050702,LIV 8,1626L0159,191
153906373,P,201510050702,LIV 5,1655L050,210
153908370,P,201510050702,LIV 3,T1610L0,110
154005155,P,201510050703,LIV 6,1656L040,44
153906402,F,201510050703,LIV 5,T165X,12
153908492,P,201510050704,LIV 2,T1611L0,114
153908369,F,201510050706,LIV 3,1610L0,152
154004884,P,201510050444,LIV 9,1625L0157,43
153908432,P,201510050444,LIV 2,T1611L0,115
153907817,P,201510050445,LIV 3,T1611L8,102
154004851,P,201510050446,LIV 9,1625L0157,44
153910113,P,201510050447,LIV 5,1655L045,216
153908431,P,201510050447,LIV 2,T1611L0,110
154004854,P,201510050447,LIV 9,1625L0157,44
153911497,P,201510050448,LIV 7,1656L053,187
153904245,F,201510050448,LIV 6,T162X,279
154004855,P,201510050449,LIV 9,1625L0157,43
153911478,P,201510050449,LIV 8,1656L053,188
154005600,F,201510050449,LIV 7,1656L059,44
153904715,P,201510050450,LIV 3,T1610L0,96
154004602,P,201510050450,LIV 8,1625L0,43
154005146,P,201510050451,LIV 7,1656L040,44
154004856,P,201510050452,LIV 9,1625L0157,44
154005151,F,201510050453,LIV 7,T165X,50
153907351,P,201510050453,LIV 5,1655L028,207
154004603,P,201510050453,LIV 8,1625L0,78
153908128,F,201510050454,LIV 6,1656L021,195
153908491,P,201510050454,LIV 2,T1611L0,125
154005151,P,201510050454,LIV 7,1656L040,44
154004604,P,201510050455,LIV 8,1625L0,73
154004857,P,201510050455,LIV 9,1625L0157,44
153907827,P,201510050456,LIV 3,T1611L8,108
153908500,P,201510050457,LIV 2,T1611L0,128
154004858,P,201510050457,LIV 9,1625L0157,44
154005152,P,201510050458,LIV 7,1656L040,67
153907598,P,201510050901,LIV 3,T1610L0,101
153907633,F,201510050912,LIV 7,1655L030,358
153900278,P,201510050928,LIV 5,1625L0,211
153809325,P,201510050937,LIV 6,1655L041,51
153910179,P,201510050942,LIV 5,1655L045,212
153903273,P,201510050954,LIV 9,1656L039,44
153806797,P,201510050959,LIV 6,1655L040,50
153907529,P,201510051001,LIV 8,1655L038,201
153907338,P,201510051002,LIV 7,1655L028,189
153907554,F,201510051002,LIV 2,1610L0,111
153803270,P,201510051003,LIV 9,1626L0151,43
153911262,P,201510051003,LIV 5,1656L0T,204
153907617,P,201510051004,LIV 3,T1610L0,102
153806797,P,201510051004,LIV 6,1655L040,196
153907421,P,201510051005,LIV 6,1655L038,51
153907533,F,201510051006,LIV 8,T165X,204
153907610,P,201510051006,LIV 3,T1610L0,102
153907342,P,201510051006,LIV 7,1655L028,196
153910164,P,201510051007,LIV 5,1655L045,201
154001724,P,201510050339,LIV 5,1656L029,234
154004536,P,201510050341,LIV 8,1625L0,43
154004733,P,201510050341,LIV 7,1625L0,44
153908104,P,201510050341,LIV 9,1655L050,230
154004735,P,201510050344,LIV 7,1625L0,45
154004737,P,201510050346,LIV 7,1625L0,44
153907704,P,201510050346,LIV 9,1625L0149,193
153910229,P,201510050346,LIV 8,1655L045,184
154004738,P,201510050347,LIV 7,1625L0,44
154004740,P,201510050349,LIV 7,1625L0,44
154001722,P,201510050349,LIV 5,1656L029,190
153803514,F,201510050349,LIV 9,1626L0147,118
154005155,P,201510050706,LIV 6,1656L040,44
153907628,P,201510050706,LIV 7,1655L030,208
153905207,P,201510050707,LIV 8,1626L0159,198
153907088,P,201510050707,LIV 9,1656L021,199
153908504,P,201510050708,LIV 2,T1611L0,120
153906374,P,201510050708,LIV 5,1655L050,208
153908367,P,201510050709,LIV 3,T1610L0,102
154004818,F,201510050709,LIV 6,1625L0157,44
153805094,P,201510050709,LIV 9,1656L0T,43
153907626,P,201510050711,LIV 7,1655L030,185
153905206,P,201510050711,LIV 8,1626L0159,191
154004819,P,201510050711,LIV 6,1625L0157,44
153908493,P,201510050711,LIV 2,T1611L0,115
153908365,P,201510050712,LIV 3,T1610L0,107
153805094,P,201510050713,LIV 9,1656L0T,196
154004817,P,201510050713,LIV 6,1625L0157,43
153906404,P,201510050713,LIV 5,1655L050,231
154004605,P,201510050458,LIV 8,1625L0,83
153907816,P,201510050459,LIV 3,T1611L8,107
153802315,P,201510051008,LIV 9,1625L3149,44
153907145,P,201510051009,LIV 2,T1611L0,120
153907421,P,201510051009,LIV 6,1655L038,193
153907535,P,201510051010,LIV 8,1655L038,211
153907340,P,201510051010,LIV 7,1655L028,189
153907545,F,201510051011,LIV 3,1610L0,174
153902481,P,201510051012,LIV 6,1655L036,49
153910162,P,201510051012,LIV 5,1655L045,231
153907769,P,201510051013,LIV 2,T1611L8,124
153907531,P,201510051014,LIV 8,1655L038,182
153907692,P,201510051014,LIV 3,T1610L0,102
153907337,F,201510051015,LIV 7,1655L028,216
153907523,P,201510051015,LIV 2,T1610L0,108
153902481,P,201510051016,LIV 6,1655L036,196
153910165,P,201510051017,LIV 5,1655L045,227
153900289,P,201510051025,LIV 6,1625L0,50
153903320,P,201510051026,LIV 9,1626L0161,43
153911835,P,201510051026,LIV 7,1655L049,318
153907236,F,201510051026,LIV 8,1656L021,196
153908322,P,201510051027,LIV 2,T1610L0,117
153907236,F,201510051028,LIV 8,1656L021,43
153910174,P,201510051028,LIV 5,1655L045,208
153907612,P,201510051028,LIV 3,T1610L0,101
153900289,P,201510051029,LIV 6,1625L0,194
153903320,P,201510051030,LIV 9,1626L0161,189
153911846,F,201510051030,LIV 7,1655L049,191
153907154,P,201510051031,LIV 3,T1611L0,102
153907236,P,201510051031,LIV 9,1656L021,43
153704432,P,201510051032,LIV 6,1655L052,50
153911846,P,201510051032,LIV 7,1655L049,91
153908325,P,201510051033,LIV 2,T1611L6,109
153910167,P,201510051033,LIV 5,1655L045,211
153907155,P,201510051034,LIV 3,T1611L0,102
153907236,P,201510051035,LIV 9,1656L021,193
153908309,P,201510051035,LIV 2,T1610L0,108
153704432,P,201510051036,LIV 6,1655L052,181
153911846,P,201510051036,LIV 7,1655L049,190
153711566,F,201510051036,LIV 8,1626L0161,54
153803514,F,201510050351,LIV 9,1626L0147,45
153906264,P,201510050353,LIV 7,1655L060,185
154004533,P,201510050353,LIV 9,1625L0,44
153911442,P,201510050353,LIV 5,1656L059,205
154004534,P,201510050355,LIV 9,1625L0,74
154004531,P,201510050356,LIV 9,1625L0,43
153906265,P,201510050358,LIV 7,1655L060,173
154004539,F,201510050358,LIV 9,1625L0,43
153911435,P,201510050358,LIV 5,1656L059,226
153909401,P,201510050736,LIV 5,1655L051,204
153902773,P,201510051104,LIV 6,1655L036,51
153907689,P,201510050714,LIV 2,T1610L0,120
153904224,P,201510050714,LIV 9,1625L0149,44
153905211,P,201510050715,LIV 8,1626L0159,183
154004814,P,201510050715,LIV 6,1625L0157,44
153907515,P,201510050715,LIV 7,1655L038,193
153908480,P,201510050715,LIV 3,T1611L0,107
154004812,P,201510050716,LIV 6,1625L0157,44
153906405,P,201510050718,LIV 5,1655L050,240
153907679,P,201510050718,LIV 2,T1610L0,121
154004811,P,201510050718,LIV 6,1625L0157,44
153904224,P,201510050718,LIV 9,1625L0149,193
153908494,F,201510050719,LIV 3,1611L0,113
153905213,P,201510050719,LIV 8,1626L0159,184
153907261,P,201510050719,LIV 7,1655L028,215
153906546,P,201510050720,LIV 9,1625L0149,43
154004820,P,201510050720,LIV 6,1625L0157,44
153907678,P,201510050721,LIV 2,T1610L0,114
154004825,P,201510050722,LIV 6,1625L0157,44
154003004,P,201510050722,LIV 3,T1610L0,112
153906381,P,201510050722,LIV 5,1655L050,206
153901984,P,201510050723,LIV 7,1656L021,185
153905246,P,201510050723,LIV 8,1626L0159,205
154004821,P,201510050723,LIV 6,1625L0157,44
153903374,P,201510051017,LIV 9,1626L0161,44
153907554,P,201510051018,LIV 3,T1610L0,119
153907541,P,201510051018,LIV 8,1655L038,194
153907545,P,201510051018,LIV 2,T1610L0,109
153809336,P,201510051018,LIV 6,1655L041,51
153907341,P,201510051020,LIV 7,1655L028,234
153908369,F,201510051021,LIV 2,610L0,114
153907113,P,201510051021,LIV 3,T1610L0,156
153907544,P,201510051022,LIV 8,1655L038,182
153910169,P,201510051022,LIV 5,1655L045,232
153809336,P,201510051022,LIV 6,1655L041,192
153903374,P,201510051023,LIV 9,1626L0161,300
153908494,P,201510051024,LIV 2,T1611L0,108
153711566,F,201510051024,LIV 9,1626L0161,43
153907114,P,201510051025,LIV 3,T1610L0,102
153907167,F,201510051037,LIV 3,1611L0,113
153711589,P,201510051037,LIV 9,1626L0161,44
153910166,P,201510051037,LIV 5,1655L045,206
153902994,P,201510051037,LIV 6,1656L026,44
153908313,P,201510051039,LIV 2,T1610L0,108
153911849,F,201510051040,LIV 7,1655L049,200
153711589,P,201510051040,LIV 9,1626L0161,187
153902994,P,201510051041,LIV 6,1656L026,190
153907117,P,201510051041,LIV 3,T1610L0,221
153907159,F,201510051042,LIV 2,1611L0,113
153910168,P,201510051042,LIV 5,1655L045,231
153903373,P,201510051043,LIV 9,1626L0161,44
153806918,F,201510051043,LIV 6,1655L032,51
153907167,F,201510051044,LIV 2,611L0,113
153903454,P,201510051053,LIV 9,1626L0161,188
153907163,F,201510051053,LIV 2,611L0,126
153909253,P,201510051054,LIV 8,1656L0T,198
153903462,P,201510051054,LIV 9,1626L0161,44
153807688,P,201510051055,LIV 6,1655L059,195
153910176,P,201510051055,LIV 5,1655L045,228
153907110,P,201510051056,LIV 3,T1610L0,198
153908286,P,201510051056,LIV 2,T1610L0,108
153911854,P,201510051056,LIV 7,1655L049,189
153902342,P,201510051057,LIV 6,1655L032,51
153903462,P,201510051058,LIV 9,1626L0161,189
153909249,P,201510051058,LIV 8,1656L0T,209
153907169,F,201510051059,LIV 2,1611L0,104
154004955,P,201510050828,LIV 6,1625L0157,48
153907674,P,201510050828,LIV 2,T1610L0,119
154005553,P,201510050829,LIV 9,1656L043,44
153905217,P,201510050829,LIV 8,1626L0159,184
153907491,P,201510050830,LIV 3,T1611L0,102
154004956,P,201510050830,LIV 6,1625L0157,47
154005027,F,201510050830,LIV 9,1625L0157,43
153907574,P,201510050831,LIV 5,1655L038,224
154005304,P,201510050832,LIV 9,1655L025,44
153907343,P,201510050832,LIV 7,1655L028,197
153907587,P,201510050832,LIV 2,T1610L0,120
153908487,P,201510050833,LIV 3,T1611L0,103
153909731,P,201510050833,LIV 8,1655L0T,183
154005303,P,201510050833,LIV 9,1655L025,43
154004958,P,201510050834,LIV 6,1625L0157,48
154005028,P,201510050835,LIV 9,1625L0157,43
153907593,P,201510050835,LIV 2,T1610L0,114
153907602,P,201510050835,LIV 3,T1610L0,102
153712273,F,201510050835,LIV 8,1626L0159,65
154004959,P,201510050836,LIV 6,1625L0157,48
153910001,P,201510050836,LIV 5,1655L0T,220
154004964,F,201510050836,LIV 9,T162X,44
153907286,P,201510050837,LIV 7,1655L028,193
153803385,P,201510050838,LIV 9,1626L0147,46
153910171,P,201510051111,LIV 5,1655L045,223
153804902,P,201510051113,LIV 9,1626L3161,43
153907108,F,201510051118,LIV 3,1610L0,195
153804902,P,201510051126,LIV 8,1626L3161,44
153804902,P,201510051130,LIV 8,1626L3161,199
153711787,P,201510051136,LIV 9,1626L0161,58
153900392,P,201510051142,LIV 6,1625L0,192
153800935,P,201510051153,LIV 2,T1610L0C1517,220
153908134,P,201510051044,LIV 8,1656L021,185
153907159,P,201510051045,LIV 3,T1611L0,101
153905456,P,201510051046,LIV 6,1656L033,44
153910172,P,201510051046,LIV 5,1655L045,201
153903373,P,201510051047,LIV 9,1626L0161,192
153907166,P,201510051047,LIV 2,T1611L0,108
153903449,F,201510051048,LIV 9,T162X,11
153907163,F,201510051048,LIV 3,1611L0,117
153911845,P,201510051048,LIV 7,1655L049,194
153903454,P,201510051049,LIV 9,1626L0161,43
153909248,P,201510051049,LIV 8,1656L0T,197
153905456,P,201510051050,LIV 6,1656L033,193
153907116,P,201510051050,LIV 2,T1610L0,108
153911230,P,201510051051,LIV 5,1656L0T,212
153908288,P,201510051051,LIV 3,T1610L0,102
153807688,P,201510051051,LIV 6,1655L059,47
153911852,P,201510051052,LIV 7,1655L049,191
154004960,P,201510050838,LIV 6,1625L0157,48
153907591,P,201510050839,LIV 2,T1610L0,120
153907473,P,201510050839,LIV 3,T1611L0,105
153905252,P,201510050839,LIV 8,1626L0159,182
153906246,P,201510050840,LIV 5,1655L060,201
153907303,F,201510050841,LIV 7,T165X,137
153902858,P,201510050841,LIV 6,1655L036,49
153907686,P,201510050842,LIV 2,T1610L0,119
153803385,P,201510050842,LIV 9,1626L0147,190
153907698,P,201510050842,LIV 3,T1610L0,119
153910019,P,201510050843,LIV 6,1655L0T,48
153905245,P,201510050843,LIV 8,1626L0159,182
153904201,P,201510050843,LIV 9,1625L0149,44
153907584,P,201510050845,LIV 2,T1610L0,119
153909399,P,201510050845,LIV 5,1655L051,210
153907762,P,201510050845,LIV 3,T1611L8,106
153907303,P,201510050845,LIV 7,1655L028,227
154004871,P,201510050847,LIV 6,1625L0157,48
153904201,P,201510050847,LIV 9,1625L0149,200
153904540,P,201510050848,LIV 8,1626L0159,183
153907671,P,201510050855,LIV 2,T1610L0,118
154004874,P,201510050855,LIV 6,1625L0157,47
153907521,P,201510050855,LIV 3,T1610L0,106
153909998,P,201510050855,LIV 5,1655L0T,235
154004873,P,201510050857,LIV 6,1625L0157,44
153906543,P,201510050857,LIV 9,1625L0149,194
153907478,P,201510050858,LIV 3,T1611L0,102
153905214,P,201510050858,LIV 8,1626L0159,182
154004872,P,201510050859,LIV 6,1625L0157,49
153907262,P,201510050859,LIV 7,1655L028,194
153908436,P,201510050410,LIV 3,T1611L0,104
153907838,P,201510050427,LIV 2,T1611L8,119
154004600,P,201510050439,LIV 8,1625L0,44
153907829,P,201510050454,LIV 3,T1611L8,102
153906546,P,201510050723,LIV 9,1625L0149,199
153907682,P,201510050724,LIV 2,T1610L0,120
154003002,P,201510050725,LIV 3,T1610L0,107
153802446,P,201510050725,LIV 9,1626L0157,44
153907692,F,201510050849,LIV 2,1610L0,130
153907601,P,201510050849,LIV 3,T1610L0,102
154004882,P,201510050849,LIV 6,1625L0157,48
153909403,P,201510050849,LIV 5,1655L051,217
153907637,P,201510050850,LIV 7,1655L030,188
153905212,P,201510050850,LIV 8,1626L0159,43
154004876,P,201510050851,LIV 6,1625L0157,48
153907673,P,201510050852,LIV 2,T1610L0,108
153907497,P,201510050852,LIV 3,T1611L0,112
153906543,P,201510050853,LIV 9,1625L0149,43
154004875,P,201510050853,LIV 6,1625L0157,48
153905212,P,201510050854,LIV 8,1626L0159,221
153907264,P,201510050854,LIV 7,1655L028,196
153909393,P,201510050758,LIV 5,1655L051,218
153903360,P,201510050758,LIV 9,1626L0161,43
153905212,F,201510050759,LIV 8,1626L0159,194
153906182,P,201510050759,LIV 7,1655L060,211
153907487,P,201510050759,LIV 3,T1611L0,107
153907690,P,201510050800,LIV 2,T1610L0,120
154004961,P,201510050800,LIV 6,1625L0157,44
154004540,P,201510050400,LIV 9,1625L0,90
154004541,P,201510050402,LIV 9,1625L0,57
153906418,P,201510050403,LIV 7,1655L050,185
154001736,P,201510050403,LIV 5,1656L029,207
153907294,F,201510050500,LIV 5,1655L028,254
154004606,P,201510050500,LIV 8,1625L0,43
154005588,P,201510050500,LIV 7,1656L059,44
154004860,F,201510050501,LIV 9,T162X,33
154004607,P,201510050501,LIV 8,1625L0,43
153907819,P,201510050502,LIV 3,T1611L8,101
154005157,P,201510050503,LIV 7,1656L040,117
154004883,P,201510050504,LIV 9,1625L0157,87
153907655,F,201510050504,LIV 6,1625L0149,181
153907822,P,201510050504,LIV 3,T1611L8,102
154005153,P,201510050505,LIV 7,1656L040,44
153907302,P,201510050505,LIV 5,1655L028,217
154004861,P,201510050506,LIV 9,1625L0157,44
153908148,P,201510050506,LIV 8,1656L021,194
154005156,P,201510050507,LIV 7,1656L040,44
154004862,P,201510050508,LIV 9,1625L0157,44
153908499,P,201510050508,LIV 2,T1611L0,163
153907831,P,201510050508,LIV 3,T1611L8,164
154004610,P,201510050509,LIV 7,1625L0,82
154004863,P,201510050509,LIV 9,1625L0157,44
153900369,F,201510050510,LIV 8,1625L0,182
153907655,F,201510050510,LIV 6,1625L0149,201
154004609,P,201510050510,LIV 7,1625L0,44
153908473,P,201510050511,LIV 2,T1611L0,113
153907293,P,201510050511,LIV 5,1655L028,238
153907820,P,201510050512,LIV 3,T1611L8,95
154004864,P,201510050512,LIV 9,1625L0157,44
154004608,P,201510050512,LIV 7,1625L0,69
153908502,P,201510050513,LIV 2,T1611L0,109
154005595,P,201510050514,LIV 7,1656L059,54
154004865,P,201510050514,LIV 9,1625L0157,77
153908146,P,201510050514,LIV 8,1656L021,220
153907824,P,201510050515,LIV 3,T1611L8,97
154004822,P,201510050726,LIV 6,1625L0157,44
153906378,P,201510050727,LIV 5,1655L050,253
153907694,P,201510050728,LIV 2,T1610L0,121
153906183,P,201510050728,LIV 7,1655L060,234
154003032,P,201510050728,LIV 3,T1610L0,110
154004824,P,201510050728,LIV 6,1625L0157,44
153910228,P,201510050728,LIV 8,1655L045,219
154004952,P,201510050802,LIV 6,1625L0157,44
153908489,P,201510050802,LIV 3,T1611L0,102
153909392,P,201510050802,LIV 5,1655L051,211
153907687,P,201510050803,LIV 2,T1610L0,114
153906179,F,201510050803,LIV 7,1655L060,189
153909962,P,201510050803,LIV 8,1655L0T,206
153906179,P,201510050805,LIV 7,1655L060,49
153907488,P,201510050805,LIV 3,T1611L0,107
153907585,P,201510050806,LIV 2,T1610L0,120
153905210,P,201510050807,LIV 8,1626L0159,182
153909402,P,201510050807,LIV 5,1655L051,245
154004951,P,201510050808,LIV 6,1625L0157,44
153908486,P,201510050808,LIV 3,T1611L0,130
153906179,P,201510050808,LIV 7,1655L060,191
154004542,P,201510050403,LIV 9,1625L0,63
154004543,P,201510050406,LIV 9,1625L0,43
153907734,F,201510050408,LIV 7,T165X,36
154001723,P,201510050408,LIV 5,1656L029,225
154004544,P,201510050408,LIV 9,1625L0,63
153907734,F,201510050409,LIV 7,T165X,43
154004545,P,201510050410,LIV 9,1625L0,43
153906382,F,201510050411,LIV 7,T165X,62
154004546,P,201510050412,LIV 9,1625L0,44
153902507,P,201510050412,LIV 2,T1610L4,151
153907656,P,201510050515,LIV 6,1625L0149,203
153907296,P,201510050516,LIV 5,1655L028,241
154004866,P,201510050517,LIV 9,1625L0157,82
153907823,P,201510050519,LIV 3,T1611L8,95
154004867,P,201510050519,LIV 9,1625L0157,44
153908145,F,201510050520,LIV 8,1656L021,183
153907735,P,201510050520,LIV 7,1655L027,182
154002247,P,201510050521,LIV 9,1656L029,44
153907652,P,201510050522,LIV 6,T162X,181
153906704,P,201510050522,LIV 3,T1610L0,95
154004869,P,201510050522,LIV 9,1625L0157,44
153908509,P,201510050523,LIV 2,T1611L0,294
153907301,P,201510050523,LIV 5,1655L028,263
154004831,P,201510050525,LIV 9,1625L0157,44
153907733,P,201510050525,LIV 7,1655L027,172
153908144,P,201510050525,LIV 8,1656L021,248
153908496,P,201510050526,LIV 2,T1611L0,114
153809156,F,201510050527,LIV 9,T165X,10
153908494,F,201510050528,LIV 3,T1611L0,127
154004832,P,201510050529,LIV 9,1625L0157,46
153908474,P,201510050530,LIV 2,T1611L0,115
153907298,P,201510050530,LIV 5,1655L028,317
153908142,P,201510050530,LIV 8,1656L021,223
153906389,P,201510050530,LIV 7,1655L050,186
154004833,P,201510050530,LIV 9,1625L0157,44
153900984,P,201510050531,LIV 3,T1611L6,107
153802446,P,201510050729,LIV 9,1626L0157,189
154004826,P,201510050730,LIV 6,1625L0157,44
154003033,P,201510050731,LIV 3,T1610L0,109
153907688,P,201510050731,LIV 2,T1610L0,120
153907271,P,201510050732,LIV 7,1655L028,181
153906377,P,201510050732,LIV 5,1655L050,231
154004828,P,201510050732,LIV 6,1625L0157,44
153905241,P,201510050732,LIV 8,1626L0159,195
153908485,P,201510050734,LIV 3,T1611L0,102
154004829,P,201510050735,LIV 6,1625L0157,44
153907684,P,201510050735,LIV 2,T1610L0,120
153907272,P,201510050736,LIV 7,1655L028,213
154001824,P,201510050737,LIV 6,1656L031,44
153802294,P,201510050737,LIV 9,1625L3149,43
153908482,P,201510050737,LIV 3,T1611L0,102
153907675,P,201510050809,LIV 2,T1610L0,120
154004949,P,201510050810,LIV 6,1625L0157,48
153905219,P,201510050811,LIV 8,1626L0159,181
153909394,P,201510050812,LIV 5,1655L051,217
154004962,P,201510050812,LIV 6,1625L0157,47
153907683,P,201510050814,LIV 2,T1610L0,130
153906178,P,201510050814,LIV 7,1655L060,311
154004950,P,201510050814,LIV 6,1625L0157,44
153907495,P,201510050814,LIV 3,T1611L0,102
153905247,P,201510050815,LIV 8,1626L0159,183
154004963,P,201510050816,LIV 6,1625L0157,47
153711773,P,201510050817,LIV 9,T162X,800
153907470,P,201510050817,LIV 3,T1611L0,102
153911433,P,201510050412,LIV 5,1656L059,219
154002966,P,201510050413,LIV 3,T1610L0,130
154005586,P,201510050414,LIV 7,1656L059,68
154004547,P,201510050414,LIV 9,1625L0,43
153902025,P,201510050415,LIV 2,T1611L6,119
154005587,P,201510050416,LIV 7,1656L059,44
154004549,P,201510050416,LIV 9,1625L0,63
154002964,P,201510050417,LIV 3,T1610L0,95
154001725,P,201510050417,LIV 5,1656L029,196
154005588,F,201510050417,LIV 7,1656L059,45
153902130,P,201510050418,LIV 2,T1611L6,110
154004592,P,201510050419,LIV 8,1625L0,44
154002990,P,201510050419,LIV 3,T1610L0,95
153906606,P,201510050419,LIV 6,1625L0149,182
154005158,P,201510050420,LIV 7,1656L040,44
153902535,P,201510050420,LIV 2,T1611L6,107
153907649,P,201510050532,LIV 6,1625L0149,203
153908476,P,201510050532,LIV 2,T1611L0,113
154004835,P,201510050533,LIV 9,1625L0157,44
153908368,P,201510050533,LIV 3,T1610L0,102
153908140,P,201510050534,LIV 8,1656L021,183
153906270,P,201510050534,LIV 7,1655L060,189
154004836,P,201510050535,LIV 9,1625L0157,44
153909991,P,201510050535,LIV 5,1655L0T,210
153908377,P,201510050535,LIV 3,T1610L0,101
153907647,P,201510050536,LIV 6,1625L0149,202
154004838,P,201510050537,LIV 9,1625L0157,44
154004839,P,201510050539,LIV 9,1625L0157,67
153908138,F,201510050539,LIV 8,1656L021,216
153907297,P,201510050540,LIV 5,1655L028,202
153907646,P,201510050540,LIV 6,1625L0149,202
154004840,P,201510050541,LIV 9,1625L0157,44
153907604,P,201510050542,LIV 7,1655L038,187
154004841,P,201510050543,LIV 9,1625L0157,44
142410289,P,201510051138,LIV 5,162X_STD,226
150804032,P,201510050901,LIV 9,162X_STD,189
141508281,F,201510050640,LIV 2,T1611L6,363
141508281,P,201510050646,LIV 2,T1611L6,220
140218446,P,201510051311,LIV 7,162X_STD,199
113702010,F,201510050421,LIV 9,T162X_STD,200
113702010,F,201510050429,LIV 9,T162X_STD,197
113702010,F,201510050435,LIV 9,T162X_STD,197
113702010,P,201510050440,LIV 9,T162X_STD,201
113702010,F,201510050350,LIV 8,T162X_STD,181
151205255,F,201510050351,LIV 6,162X_STD,713
151304260,P,201510051032,LIV 8,162X_STD,184
151205255,F,201510050357,LIV 6,162X_STD,202
151205255,F,201510050406,LIV 6,162X_STD,388
150607674,P,201510050851,LIV 9,162X_STD,196
113702010,F,201510050401,LIV 8,T162X_STD,201
113702010,F,201510050410,LIV 8,T162X_STD,211
151205255,F,201510050411,LIV 6,162X_STD,198
151304260,P,201510050734,LIV 9,162X_STD,196
151205255,P,201510050415,LIV 6,162X_STD,207
113702010,F,201510050417,LIV 8,T162X_STD,207